event_id,event_name,performer,event_date,venue_id,organizer_id,status,description
1,Cross-platform analyzing moderator,Megan Page,2024-06-29,13,7057,Scheduled,"Name single suggest. Deal involve among despite art local share everyone.
World language fear care have. Result customer town such process positive. Focus treat evening relate support board."
2,Total tangible encryption,Blake Richards,2024-04-17,2,12555,Completed,"Anyone goal and world understand. Where study soon serious. Score behind month control little former toward.
Send yeah best miss edge they measure. Anything significant office close public hotel."
3,Universal user-facing extranet,Christopher Barrett,2024-08-12,3,10866,Completed,"Read degree age no. Example beat although go husband yard personal. Student subject product three.
Another kitchen who address charge simple."
4,Persistent radical leverage,Scott Todd,2024-09-03,5,17833,Scheduled,Wait industry box PM weight. Exactly network strategy language determine lot what fast. Field you rich pick only run.
5,Function-based incremental monitoring,Anthony Martin,2024-03-14,6,12870,Scheduled,"Ready family management agent site recognize determine. Easy the first story old. At difference war become law.
Recent two off. Mr prepare structure political kind. Doctor else fact letter position."
6,Adaptive intermediate analyzer,Anthony Williams,2024-09-05,12,1998,Scheduled,"Story growth per big. Body require enough ago the scientist.
Pass art seat least. Next forward history very safe in indicate. Voice relate government town."
7,Extended foreground software,Jerome Riddle,2024-02-17,14,18392,Scheduled,"Guy sure hair another matter usually. Here case skill once do expect.
Behind western car information account. Matter entire contain field deep organization though."
8,Persevering background portal,Luke Henry,2024-10-22,12,8798,Completed,Building way us fill home have. Firm recognize protect much not boy.
9,Reverse-engineered optimal data-warehouse,Mary Fernandez,2024-03-21,11,13477,Scheduled,"Individual keep wall mission science value. Ten wind one to probably improve. Common discuss nice such.
Couple most you operation enough speech. Second process moment western trade tell attack."
10,Expanded optimizing benchmark,Ashlee Anderson,2024-04-10,8,3863,Scheduled,"Book throw tonight job because training.
West especially hit. Form wonder box director."
11,Networked 3rdgeneration pricing structure,Chad Miller,2024-03-30,16,3912,Canceled,"Least degree pull first. Develop increase eight myself.
Live face fish. Future task weight answer control space board. Consider difficult democratic can."
12,Devolved tertiary open system,Mark Martin,2024-04-21,20,7616,Completed,"Possible at leave suggest. Far cover control great point join coach. List small draw born line. Attorney over their none.
Next brother during mind standard. Week take pressure."
13,Secured mission-critical encryption,William Wilson,2024-09-19,10,7237,Completed,Information billion expect also million perform art. Hundred north test far. This today staff them eye assume hundred population. Traditional then size sport need floor ten.
14,Enhanced contextually-based installation,Melanie Nguyen,2024-07-02,13,4752,Scheduled,"Trial free draw ready. Himself manage hotel.
Note five analysis low. According important good. Tell fine mean song there home.
Myself west cultural final they sound. Son hand skill economy."
15,Organized composite software,Joyce Poole,2024-01-31,20,15886,Scheduled,"Past fill rule Mrs. Their itself factor policy lawyer future.
Good phone fund feeling its single. Learn industry hold produce window pass. Air door stock field rate weight."
16,Robust zero-defect groupware,Ricardo Murphy,2024-11-24,1,4943,Completed,"Crime eye probably offer. Population mouth song western subject everything.
Beat page structure go wrong despite. Morning young know help rock individual."
17,Adaptive eco-centric alliance,Sara Ross,2024-05-09,1,15654,Completed,"Nor life various nice most various consider. Expect toward street. Particular guess small heart.
Property language card Mr firm. Condition natural to popular decade. First stay father."
18,Assimilated system-worthy implementation,Christine Rivera,2024-05-11,6,12012,Scheduled,"Benefit real grow purpose argue. End manage us build take year pick scientist.
Catch short eat beyond his store. Statement investment simply seat drug."
19,Focused systemic benchmark,Leslie Taylor,2024-09-19,2,12557,Completed,"See could factor. Baby feeling theory people most around.
Right TV approach bit project him. Base everyone care change these on. These example scientist before picture."
20,Seamless grid-enabled ability,Molly Johnston,2024-04-25,17,19859,Scheduled,Activity second available organization single. To page democratic wait.
21,Distributed zero tolerance infrastructure,Paula Larson,2024-05-31,13,9045,Scheduled,"Drug daughter serve sense. Include recognize open authority. Policy even fill brother.
Suffer threat himself yeah. Until or return four dream."
22,Robust incremental implementation,Kimberly Ramirez,2024-10-21,9,16120,Completed,"Evening growth peace citizen. Present now movement.
Mouth avoid individual a wind place put throughout. Exist central away summer really."
23,Compatible 6thgeneration website,Jason Gonzales,2024-04-27,6,2365,Scheduled,"Learn pretty also tell surface pass consumer. Research current let.
Concern include step describe conference. Reveal fish increase bit per. Argue goal player mother."
24,Sharable clear-thinking structure,Brett Berger,2024-07-08,15,8568,Scheduled,"Professional main plant hand. Collection likely off relate information this.
Fall fall control push act. Character size environment late structure. Issue discover role even reality blue assume."
25,Future-proofed object-oriented ability,Veronica Bailey,2024-05-31,18,18346,Canceled,Wait carry control professor seven. Key shake over it any. Friend let expect so.
26,Cross-group solution-oriented array,Daniel Hanson,2024-04-02,13,1773,Scheduled,"Boy arrive scientist even quickly buy. Series Congress claim green.
Day determine walk meeting ball store. Yes positive best say miss however. Attack board at such government situation."
27,Inverse foreground complexity,Joe Rivera,2024-10-20,13,19862,Scheduled,"Design power team especially quality everything. Job soldier push ten care watch indicate half.
Itself weight probably. Painting check off article. Know make edge white education region form."
28,Multi-layered dedicated intranet,Nicholas Bates,2024-09-19,12,7716,Scheduled,"Wear top life tonight if. Including civil about important voice stop policy last. Continue matter none citizen. Air general nice prevent.
Word strategy walk type action guy option all."
29,Adaptive high-level definition,Rebecca Johnson,2024-08-08,8,6838,Scheduled,"Citizen go bed window. Home service speech writer choose interview paper money.
Raise wide film. Price wind late chance sport spend. Research need art allow born military onto."
30,Switchable tangible matrices,Jennifer Munoz,2024-09-29,12,3685,Scheduled,"Half hundred rate teacher.
Subject card quite require stage machine heart. Player for four site full term. Trip production knowledge them culture somebody gun."
31,Team-oriented contextually-based strategy,Victoria Castro,2024-04-09,1,18639,Scheduled,"Watch perhaps sea commercial across investment get future. Total professional point five PM.
Current event while organization mean improve."
32,Monitored systemic product,Nancy Hopkins,2024-09-07,1,5800,Scheduled,Recently month employee mouth activity. Similar character wait develop total other my.
33,Optional 5thgeneration projection,Jessica Roman,2024-04-19,11,7526,Scheduled,"Rich director crime. Without make once friend student loss.
Know my seem free. Bring industry really son apply budget type operation."
34,Compatible needs-based encoding,Lauren Reyes,2024-09-05,13,13919,Completed,"Become measure society. Human none participant city already.
Live allow become explain institution either because. Special cover everything policy. Pick identify religious never."
35,Synchronized dynamic structure,Dan Steele,2024-01-12,15,8051,Scheduled,"Amount cost open international stage doctor myself. Compare herself brother too. Hair measure city attention once especially unit.
Talk young thing law."
36,Decentralized eco-centric core,Michael Young,2024-02-18,19,11657,Scheduled,"Yourself action reflect half paper agent again.
Out agree these civil discussion suggest. Rise much job learn much mission. News last lose picture."
37,Pre-emptive solution-oriented project,Lucas Davis,2024-09-10,5,7518,Scheduled,"Wrong man every quickly worry.
Chair push act debate word have contain. Author have discuss wrong result. Reduce especially place improve defense heart whom."
38,Stand-alone coherent core,Cathy Wheeler,2024-09-26,7,17023,Scheduled,"Dark economy fly plant. Direction close all think. Dog recently use protect.
Model rate attorney care house send. News suddenly air during."
39,Progressive impactful customer loyalty,Alan Butler,2024-04-09,8,6776,Scheduled,Position husband different billion. Set week final us scene.
40,Upgradable uniform functionalities,Claudia Meyers,2024-04-30,8,6421,Scheduled,"Job second require through despite dinner. Go feeling deep material.
Card others standard before conference give go view. Yourself talk fast do world detail matter."
41,Managed grid-enabled toolset,Sydney Porter,2024-06-17,5,4454,Canceled,"Certainly paper decision. Decision land him war.
Learn out spring by eat statement authority. Computer organization expect."
42,Implemented even-keeled knowledgebase,Michele Harrison,2024-03-14,9,5894,Scheduled,"Place final never. Speak cause keep care affect.
Two scientist they one maybe. President share treatment.
General policy quality. Most serious off former true now tree."
43,Automated high-level software,Heidi Wright,2024-09-19,14,5120,Scheduled,Entire financial idea low despite happy. Read both let while floor. Along world look yet father information feel day.
44,Switchable attitude-oriented instruction set,Gary Fuller,2024-08-05,17,13905,Scheduled,Turn involve how performance last. Include hit indeed mind her even fire. Themselves today past often particularly.
45,Re-engineered multi-state ability,Toni Thomas,2024-02-27,15,13430,Scheduled,One ready half interesting. None table follow challenge suggest.
46,Balanced actuating Graphical User Interface,Robert Woods,2024-08-11,8,9977,Scheduled,Kind low direction future difficult think. Care prevent entire believe safe fund main. Wide something partner myself statement. Language outside floor sister professional onto between.
47,Right-sized intangible software,Vincent Kim,2024-11-04,14,13447,Scheduled,Remain reason mission activity energy trouble section. Consider become kind party goal. Poor role democratic church simple author hot few.
48,Seamless 5thgeneration throughput,Tony Madden,2024-10-28,8,14483,Completed,"Learn suggest thank dinner language participant. Center hour foot skill.
Also national direction fine. Arrive inside reason yourself. Arm I soldier high."
49,Compatible radical implementation,Scott Chapman,2024-02-19,4,3844,Completed,"Suffer recognize site under. Store realize black church discover series purpose.
Agent be challenge summer finish nearly. Sing star national appear. Wind program appear out."
50,Stand-alone zero-defect artificial intelligence,Matthew Gonzalez,2024-10-14,1,8876,Completed,"Network attention energy avoid. With today white mean edge line. Compare they thing.
Call technology three develop sing goal. Development yet camera boy."
51,Reverse-engineered solution-oriented synergy,Lauren Rodriguez,2024-04-09,4,10623,Scheduled,"Study senior lay meet wrong play hand. Plan bed rock can me.
Next director over green talk reflect in day.
Yet piece score over happy. Huge reduce past house.
Much wear read present."
52,User-centric well-modulated project,Luis Knight,2024-10-20,11,3915,Scheduled,Focus us eye card. On thus reason past late consumer manager true.
53,Customer-focused next generation concept,Susan Norris,2024-01-10,17,19322,Scheduled,"Town act nearly step need. Father stand price down. Protect do firm herself true high.
Glass may article. Out above star trouble. Clear past myself person consumer purpose."
54,Upgradable systemic application,Miss Sabrina Mcdonald,2024-05-19,14,9656,Completed,"In word force main general black human. Fact song reason class. Nature once today with enter article catch.
Worker state from offer. Crime impact little American would. Interview blood plant account."
55,Multi-channeled client-server neural-net,Valerie Bailey,2024-06-11,7,6586,Completed,"Marriage put occur how at effect common moment. Magazine understand foot something but. Check the door.
Another green student."
56,Quality-focused maximized encoding,Jennifer Brown,2024-12-03,4,19438,Scheduled,Push pattern degree purpose. Career education avoid indicate past trouble simple. Soldier production low possible.
57,Stand-alone high-level website,Lawrence Mccann,2024-05-07,12,6398,Completed,"Not push marriage six PM. Explain read thank wonder.
Wind long similar people simply land. Alone other be least painting speech success production."
58,Profound logistical forecast,Kevin Klein,2024-01-05,17,1516,Completed,"Hour our detail produce language one like carry. Wide person officer happy.
Raise lead position religious thus somebody animal. Score late rather what certainly wear."
59,Fundamental heuristic forecast,Darlene Gray,2024-02-07,16,6241,Scheduled,"Remember behavior amount race. Vote pattern fact tonight.
Later fear itself far common glass score. Three him health fund left question can."
60,Monitored motivating paradigm,Kimberly Joseph,2024-01-19,11,13232,Scheduled,Future number claim people music. Glass billion happen box agreement. Company risk baby white job color. Third surface cost baby suggest letter.
61,Stand-alone 4thgeneration system engine,Whitney Brown,2024-07-10,12,10635,Scheduled,"Anyone story about television.
Effort heavy whole south them law pressure under. Continue listen significant him start. Visit nation scene adult."
62,Cross-group 6thgeneration system engine,Judy Myers,2024-05-24,10,1334,Completed,"Bank might than past cut behind how spring. High brother anything off. Take event care seek.
Debate build check just wind catch. Simple feeling leg. Often level more send painting idea since."
63,Reverse-engineered static emulation,Valerie Brown,2024-11-14,2,2766,Completed,"Bed exist war teach thank play improve everything.
Student several ready during. Community couple though source among difference determine."
64,Pre-emptive transitional array,Rebekah Carey,2024-09-25,11,6441,Scheduled,"Perform shake act decade organization. Ready authority early group population blood history support. Central both democratic.
Plant grow child. Side sense chair field short."
65,Profit-focused actuating structure,Michael Guerrero,2024-10-05,15,19205,Scheduled,"Per campaign law answer. Third drop Mr drug.
Decide nor attack site. Move establish role admit number break become."
66,Sharable discrete knowledgebase,Angie Singh,2024-11-18,20,3669,Scheduled,"Me money pay account goal. Stock near already network protect.
Vote professor entire enjoy surface know."
67,Reduced neutral core,Richard Wells,2024-04-05,17,7654,Scheduled,Three offer top mention religious. Attention language husband third. Why subject miss door couple notice argue pay.
68,Multi-lateral human-resource conglomeration,Jessica Gray,2024-02-09,3,6169,Completed,"Push town for win government. Feel position avoid.
Beat service stand begin inside. Bar need role weight include family. Education near defense wrong sort suddenly situation."
69,Self-enabling bifurcated leverage,Charles Wolf,2024-05-01,10,19462,Canceled,Middle trip tend couple. Theory west social financial least.
70,Future-proofed interactive structure,Emily Hansen,2024-08-22,20,2767,Scheduled,"Medical key record where especially. Write arm check work truth.
Majority floor century must.
Food discover social charge market easy right cover. Scene capital store. Near me thus study chance page."
71,Persevering high-level structure,Scott Douglas,2024-03-02,3,10721,Scheduled,"Us race play. Run carry take around same development fear. Than than cost each.
First offer off range. Build fight light especially teacher sense first."
72,Profound asymmetric Graphical User Interface,Christopher Wong,2024-11-20,16,10874,Scheduled,"Dream education hope quickly team now. Perform score though cell American especially.
Trade deep north modern story. Scientist girl compare buy."
73,Balanced zero tolerance pricing structure,Michael Miller,2024-08-10,12,2930,Scheduled,"Miss raise style range reach. These eye your exist.
Speech really want analysis father simply nice. Catch give family professor any. Poor any under trade process purpose although."
74,Customer-focused dynamic migration,William Lowery,2024-05-10,7,11891,Scheduled,"Enter baby music child natural ten image event. Go see find after people.
Wall art draw strategy. Most move action easy land three important."
75,Reverse-engineered coherent array,Samuel Smith,2024-02-01,15,15717,Scheduled,Note life environmental. Physical stay field fund natural fear resource. Affect Mrs yourself speak meeting event issue. Yeah rest old cost.
76,Mandatory modular emulation,Billy Clements,2024-10-06,10,7195,Scheduled,"Similar building final produce continue area down big. Beyond figure enjoy.
No feeling still near. Indicate wish commercial significant great be."
77,Robust interactive Graphical User Interface,Lauren Nichols,2024-04-09,16,14700,Scheduled,How happy edge purpose race. Fire alone prepare accept affect PM. Political report worry discover main wife suggest.
78,Open-architected systematic installation,Megan Edwards,2024-03-04,14,3854,Scheduled,"Show model couple. Heavy discuss pull just size employee. Last break yeah eat left.
Try enough unit nature. Job girl nearly agreement smile anything."
79,Triple-buffered optimal superstructure,Robin Evans,2024-01-11,19,7214,Scheduled,"Drop floor church company. Your any goal build subject quickly according. Suggest husband price right ball safe.
Discussion follow hope want. World forget they number."
80,Function-based fault-tolerant firmware,Jacqueline Blackburn,2024-10-24,15,7865,Scheduled,"Cost hair Mr the expect chance mother. Adult explain life similar might. Case figure allow my major.
Thank surface party simply finish especially strategy."
81,Enterprise-wide content-based project,Kathleen Ho,2024-09-04,6,4788,Scheduled,"Center simple successful adult candidate.
Dog study because player. Bag above production resource."
82,De-engineered content-based website,Patrick Rosario,2024-05-31,3,16937,Scheduled,"Some together draw speech.
Carry real coach theory this make world.
Action memory trade hold.
Trouble skin blood soon even however. Low Democrat light. Firm image management point account answer."
83,Reduced value-added leverage,Andrew Brown,2024-07-06,8,19149,Scheduled,"Fine so coach after least. Church music fall explain pass dinner. Price full much case smile ahead.
Your blue standard serve loss character part. Old tough cold see send. Sit would standard."
84,Proactive multimedia productivity,Caitlin Gates,2024-11-07,8,1869,Scheduled,"Forget pattern camera check leave pay involve. Pick upon table history poor by amount.
Of fact something learn government. Hit Mrs reveal phone. Behavior simply hold its instead."
85,Ameliorated systematic attitude,Jeffrey Murray,2024-09-27,11,15890,Scheduled,"Onto tax take factor. Whom best read religious.
Each already order a remember age.
Allow evidence create population her quite."
86,Inverse optimal definition,Kara Becker,2024-05-10,20,12782,Completed,Republican tree government stock hour. Government kid environmental treatment director though.
87,Face-to-face actuating adapter,Katherine Holden,2024-04-03,10,1136,Scheduled,"Type them staff firm memory use. Glass increase side until pass place. Why since station door product little if.
Piece sign type large science. Magazine ok Democrat reveal."
88,User-friendly executive system engine,Mariah Bailey,2024-07-17,15,1854,Scheduled,"Under including school wrong yeah.
Fight under every mind general.
Few course another civil general whole in end. Design traditional upon without matter home meeting attention. Include may he hear."
89,Pre-emptive asymmetric extranet,John Pearson,2024-07-02,5,5568,Scheduled,"Military land stock student back.
Type city another politics tend open strategy. Federal decade its participant car trip whole."
90,Robust stable synergy,Larry Conner,2024-08-02,1,7195,Scheduled,Republican keep accept large study couple. Music difference arm keep least democratic relate. Consumer including carry thing understand.
91,Programmable needs-based portal,James Lee,2024-04-26,17,4130,Scheduled,"Personal evening more above. Property article without they focus.
Prove marriage concern must big fill range toward."
92,Streamlined 4thgeneration support,Michael Rodriguez,2024-01-15,15,17810,Scheduled,"Race can sure carry million. Thing practice international anyone old production key.
Shoulder or record issue little. Have member indeed clearly media real how. Letter notice pressure cut yourself."
93,Synergized background utilization,Dawn Marquez,2024-11-13,13,2629,Canceled,Reveal speech federal. Upon treat entire eat perhaps boy. Blue institution light media measure director.
94,User-centric discrete encryption,Sarah Smith,2024-06-02,1,13257,Completed,"Later marriage check floor film baby ground. Us him admit often fine.
Quite factor federal administration race lay. President money mother it. News final together in site. Prevent value could want."
95,Open-source mission-critical Local Area Network,Diana Nunez,2024-05-13,4,13349,Scheduled,"Ten new law hotel through call. Marriage kind bank affect. Me record market room pretty.
System bag compare voice. Actually great identify mother. Country site commercial."
96,Exclusive zero-defect solution,John Craig,2024-03-04,8,10870,Scheduled,Ask decide result traditional natural. Treatment get shake work economy kid step brother. Include see sense whole trip might prove.
97,Synergized bottom-line project,Derrick Martin,2024-02-10,16,14955,Completed,"Onto cause around tell Democrat. General skin build general guy.
Order grow buy purpose might. Federal store free treat try pick."
98,Optimized tertiary parallelism,Felicia Brooks,2024-05-30,3,15338,Canceled,"General each drug couple hand treat. End accept beat grow.
Bad employee quite read.
East ask card. Need present suggest responsibility. Sit really company once."
99,Devolved 6thgeneration product,Dennis Lee,2024-05-05,19,6887,Scheduled,Court find home next cold someone network eat. Good parent through trouble among finish campaign. Total economic economic who surface in visit.
100,Configurable contextually-based adapter,Tracy Wagner,2024-09-29,13,1719,Scheduled,"Father under west box none poor develop. Sure responsibility assume artist. Mouth clear country learn.
Book model no product. Only out play economic make."
101,Total intermediate challenge,Bruce Miller,2024-02-18,12,15048,Scheduled,"Simple address seat blood white. On data part them.
Song even fly girl business. Imagine media admit test. Technology sound quickly page person."
102,Quality-focused web-enabled projection,Luis Phillips,2024-10-10,1,9094,Completed,"Window majority inside draw institution off former.
Wait husband move response financial professional. You final her development possible seat."
103,Profit-focused intangible middleware,Crystal Vargas,2024-09-12,9,12628,Scheduled,"Now agent system lay. Institution development man way.
Simply a produce field at to. Voice central voice process store suggest less. Detail meet amount himself."
104,Grass-roots human-resource adapter,Brooke Bradley,2024-10-31,13,8468,Completed,"When tough make late hour. Ok dog if move walk.
Government bring tell employee recognize community institution dream.
Miss institution political until consider me. Notice several any inside certain."
105,Devolved disintermediate matrices,Adam Cox,2024-02-28,16,17364,Scheduled,"International official future drive whom woman piece smile. Page prevent wonder under.
Happen let mouth kind commercial or fast. Former fight first the interest bill sign require."
106,Innovative stable emulation,Madison Jones,2024-09-13,15,944,Scheduled,"Air bank line father senior wait. Own clearly age population debate.
Film investment catch since others pull open. Again real reduce owner. Environmental behind court structure could stuff man."
107,Multi-tiered eco-centric application,Mr. Michael Henry,2024-02-20,11,13734,Canceled,"Artist well control development. Me represent between. Hope let large.
Travel have much true. Democratic property research certain prevent imagine wait computer."
108,Focused asymmetric Local Area Network,Megan Mccullough,2024-09-29,14,6107,Scheduled,"Lose chance message nation important. Structure body network property civil miss.
Over send thing send response expect.
Too eat hospital great day certain. Design computer education."
109,Sharable multimedia secured line,Teresa Jackson,2024-04-21,20,8309,Scheduled,"Face seven current white their true. Letter rock high walk go. Laugh role serious party class.
Next because analysis. Strategy thousand drop green ask there south."
110,Upgradable asynchronous utilization,Matthew Long,2024-07-06,15,17479,Scheduled,Person name data company energy. Sense media public heart second discussion cut. Moment watch picture employee fall such pay some. Camera rather just learn charge scientist.
111,Ameliorated object-oriented data-warehouse,John Scott,2024-04-04,2,19311,Scheduled,Foreign than contain window nation civil change. Always east easy learn available up family. Per experience black also real.
112,Cross-group analyzing standardization,Robert Cox,2024-05-09,12,3962,Scheduled,Teacher talk popular talk water set. Radio future culture own plant carry.
113,Managed modular emulation,Anthony Owens,2024-05-21,8,14006,Canceled,Break foreign prove ever action term lose. Agree indeed the agent writer. Into watch similar southern medical western whatever. A question back can military class.
114,User-centric actuating standardization,Phillip Klein,2024-06-06,3,14573,Scheduled,Material imagine hot. Bring music mind despite industry new. Find note between eight factor.
115,Virtual multimedia adapter,Samantha Parker,2024-02-27,7,8356,Completed,"Social mouth once defense pattern identify choose garden. We series purpose.
Seek eight attack especially.
Pick suddenly face successful. Individual less yes body himself ahead development maybe."
116,Versatile radical portal,Garrett Snyder,2024-02-01,10,5229,Scheduled,"Especially send situation. Job adult art land. Mr material apply such lot surface allow. Car amount book both.
Well seem great."
117,Inverse client-driven application,Carla Fitzpatrick,2024-04-03,15,12920,Canceled,Born poor find report subject. Result fact us theory even whom religious. Exist yet month worry.
118,Face-to-face context-sensitive knowledge user,Regina Bauer,2024-10-01,6,7082,Scheduled,"Form fly each month. Up who once against base tough still current.
Subject such mean small traditional professional sea. Cut eat work summer."
119,Realigned user-facing capacity,Susan Francis,2024-04-23,2,8399,Scheduled,"Age enjoy public create expect not prevent. Get majority prevent pattern civil interesting.
Compare ahead position minute. Half popular decade ground."
120,Right-sized global framework,Lucas Tucker,2024-05-02,18,17139,Scheduled,To partner it course cost agree. Region during mention knowledge rise less according. Yet company your wife perform industry.
121,Secured value-added core,Joseph Olson,2024-10-27,18,13524,Completed,"Point third put company first stuff past. Including music author more visit ball when.
Indeed inside reach bill friend. Under wear state suggest over next choose. Much eat local standard guess."
122,Multi-layered coherent throughput,Terry Lawson,2024-09-18,14,1225,Scheduled,"Paper civil argue trouble law today. Method million color certain agreement politics look.
Wide claim station space. Call focus lot data. Return box season fear task exist boy."
123,Optional impactful hub,Brett Pineda,2024-05-13,7,18260,Completed,"Production training teacher draw general my care. South remember fact another commercial.
One performance road small."
124,Universal systemic project,Brandon Clark,2024-03-16,6,6627,Scheduled,"House minute event do.
World clearly tax with likely ok deep series. Use ball leg offer teacher real.
Purpose music popular social. Degree own policy mother trial fall run vote."
125,Distributed neutral migration,Jennifer Singh,2024-05-11,17,4823,Scheduled,"Federal loss hot night adult specific. Analysis audience serve visit. Computer party arm feel still age.
Great stock adult part as end. Wall food without watch environment."
126,Reactive eco-centric workforce,Russell Mosley,2024-02-08,20,10255,Canceled,"Range concern him whole today beat radio. Another room table claim. Ground just kind value authority.
Tonight important none stay sell performance where."
127,Customizable intangible software,Nicole Harmon,2024-06-27,14,5652,Scheduled,Law degree strong treat thought continue herself send. Cost everyone physical very some tend. Act clear cultural learn should shoulder religious.
128,Up-sized fresh-thinking extranet,John Adams,2024-05-12,9,12792,Completed,"Man analysis simple figure leave simply. Worker difficult personal behind evening role tell speech.
Baby alone one those admit difficult. Trip director remain idea figure station no and."
129,Seamless 24/7 attitude,James Scott,2024-07-26,6,1343,Scheduled,"Reach may live type near. Should campaign wall art gas. Sort herself seat sport.
Generation ability final begin. Him exactly must century close expert. Still both such my in leg young."
130,Persevering 5thgeneration alliance,Jorge Farley,2024-11-05,12,19526,Scheduled,Citizen book bar black couple throw. Item subject gas group agree attack.
131,Reduced heuristic moratorium,Rebekah Chapman,2024-10-31,6,12557,Completed,"Here issue indicate or edge those. Ground kid race way accept past question.
Level expect open rock forward medical after. Provide better for check."
132,Switchable fresh-thinking support,Robert Taylor,2024-11-30,18,14573,Scheduled,War behind worry. Happy responsibility necessary news network prevent low. Hold technology money amount.
133,Profound upward-trending system engine,Chad Gomez,2024-08-23,16,930,Completed,"House tonight girl customer. Often mind perform such indeed see.
Risk vote three degree try. Long law to. Data cover another own foreign form style."
134,Mandatory scalable contingency,Lori Gamble,2024-09-27,17,2142,Scheduled,"Test response since put far commercial. Throughout at miss political too deep.
South let give big power never. Data ground figure pass chair there."
135,Horizontal asynchronous leverage,Jaime Wells,2024-06-05,16,6184,Scheduled,"Sell particularly treatment I agreement. Attention child something choose usually.
Now event quality seem section beautiful than. Design top page learn."
136,Vision-oriented solution-oriented encoding,Mark Smith,2024-03-14,12,9851,Canceled,"Recognize her find. Against continue rather enjoy. No value describe wait.
Increase certain same language kitchen notice push."
137,Open-source optimal product,Nicole Carpenter,2024-01-26,13,3980,Scheduled,"Hair process rule. Receive structure recognize probably. Under college heavy law we.
Audience Republican fill read often must. Chair open stuff bank. Provide final exist choice just."
138,Programmable asymmetric approach,John Hall,2024-11-22,19,7498,Scheduled,"Community reality office where appear. Try campaign method edge.
Major couple can develop finally matter. North relate against rule building. Character school would carry discuss reality."
139,Seamless needs-based functionalities,Jeanette Johnson,2024-11-18,13,17225,Canceled,"Within however begin. Drive audience example. Join happen true Mr. Wall edge different about discuss now.
Phone point job character shake total. Continue whole soldier truth become forward."
140,Enterprise-wide intangible budgetary management,Suzanne Howard,2024-03-18,16,14230,Scheduled,"Nature claim center when second. Through rate smile two lot woman. Stay seem high she word yourself deal.
Go either would bed officer large allow."
141,Persistent mission-critical superstructure,Wendy Flowers,2024-06-26,3,5664,Scheduled,"Artist environmental information maintain. Conference actually direction save generation hot. Conference our our all stock medical reason task.
Cause clear rich structure film."
142,Ameliorated 3rdgeneration toolset,James Harvey,2024-01-11,1,17233,Scheduled,Lot imagine must response whether idea. Nothing either step them business. Challenge around sound natural nothing energy customer.
143,Customizable value-added portal,Gregory Prince,2024-04-29,18,3653,Scheduled,"Performance old ok early ahead range will mention.
Center manager easy. Miss step understand certainly sense important. Eat score camera at vote conference."
144,User-centric exuding system engine,Sean Mason,2024-06-13,10,15057,Scheduled,"Make TV learn.
Physical customer take hotel along measure order. Record early news left it. Watch environment prepare be anything.
Interesting near quality say. How study speech move truth force."
145,Up-sized eco-centric alliance,Ashley Villa,2024-10-07,5,15496,Scheduled,"Anyone pick hit must discussion. Interesting people beautiful enjoy name term year magazine.
Without mean best. Team camera against appear environmental control eight various."
146,Automated clear-thinking monitoring,Thomas Andrews,2024-09-02,12,5179,Scheduled,Phone husband course one hit. Build course close sea start. Must whatever together control reason gas theory.
147,Devolved bi-directional alliance,Carolyn Davis,2024-06-17,8,13232,Scheduled,Carry nation difficult method husband. Local painting act successful. Election choice success itself pay building above.
148,Optimized background utilization,Sheena Williams,2024-01-04,13,14863,Scheduled,"Would clear when hard.
Finish yes Mrs woman film hear. Any foreign we second likely. Machine consider guess most."
149,Cross-group composite function,Laurie Scott,2024-05-20,17,15890,Completed,Southern role want glass have arm that. Fine between four drive collection although design course. Edge study bill the relate. Seven amount close its.
150,Right-sized actuating Graphic Interface,Shawn Haynes,2024-10-15,4,5568,Scheduled,Add my tend knowledge to rather fight. Seek rich recognize course. Himself ok then there population.
151,Function-based intermediate forecast,Anthony Miller,2024-09-15,6,13233,Completed,"Work nothing wear.
Receive whether none ability. Note child born speak student watch. Personal list television life brother me direction without."
152,Fundamental impactful knowledge user,Dawn Sexton,2024-01-01,4,7732,Completed,"Process federal common work focus. Against project apply pretty senior nation manager.
Son defense whole. Live security health strong.
Form or hospital goal. Weight despite cup heart ready door."
153,Synergized real-time attitude,John Mckenzie,2024-01-04,11,10774,Scheduled,"Risk throw score. Behind station military explain of imagine. Cell eye letter tell oil according although.
Apply address show product to daughter shoulder. Through mission Mrs tell."
154,Re-engineered attitude-oriented methodology,Crystal Riggs,2024-04-01,4,15479,Canceled,Particular audience quality speech matter their agency. Local campaign meeting sense think former. Whole treat theory for machine other include company.
155,Innovative secondary support,Theresa Strong,2024-08-17,3,3831,Canceled,"Purpose grow chance green strategy surface. Picture compare image tonight according recognize. Degree job budget board piece however.
Wall up participant stand apply size mean employee."
156,Profit-focused system-worthy architecture,Diane Haney,2024-03-27,9,11672,Scheduled,"Debate woman most left night. Soldier point economy design. Smile cause power sign stock dark somebody.
Ball body four ok enter space. Contain hold list matter situation."
157,Enhanced grid-enabled capacity,Suzanne Foster,2024-10-18,13,14084,Scheduled,"Form dinner threat involve. Value able west help why let most. Letter garden rock perhaps.
Section feel ground continue. General approach civil never. Wide figure provide."
158,Organic systemic analyzer,Denise Colon,2024-11-22,14,13497,Completed,"Agree listen remember owner police. Later single set call listen nice bring. Series need often last.
Accept director much difference full. Stuff large return image fire."
159,Profit-focused 24hour support,Breanna Hansen,2024-05-28,7,7544,Scheduled,"Marriage theory recent gas behind as. Wide soon four fly prove fear American. Tough tend treatment produce responsibility share.
Among government rest. Consumer agent agent coach."
160,Realigned fault-tolerant methodology,Jessica Briggs,2024-11-26,12,4642,Scheduled,"Whose watch eye business relate success couple.
Say goal professional sport individual. Maybe necessary suddenly great.
Kind summer focus town should. Turn often century cover however support."
161,Virtual tertiary array,Mary Johnson,2024-07-13,10,7047,Scheduled,"Ever government mission hospital eight who forward listen. Color political body term security government treat think.
Husband consumer bill environment international. Not fish whole."
162,De-engineered asymmetric archive,Allison Miller,2024-06-08,1,16700,Scheduled,"Whether provide he. Charge before some stock.
Number cultural avoid road. Pressure into what history building position. Image apply win research year assume arrive."
163,Open-architected system-worthy Graphic Interface,Eric Perkins,2024-09-26,17,1586,Completed,"Soldier view arrive value arm head.
Worry individual hospital upon inside argue. Position never past bank stand. Since expert skill son what behind today."
164,Adaptive disintermediate Local Area Network,Jennifer Todd,2024-11-08,10,2019,Completed,"Include thus material. Institution outside like charge.
Treatment region soon million. Ok beyond wait within lot. Skill same choose experience the."
165,Profit-focused composite knowledge user,Justin Davis,2024-01-18,1,4924,Completed,Somebody truth seek site. Thing whom sit may nor. Involve happy feeling ask game throw. Same remember blue event little small.
166,Inverse even-keeled extranet,Ryan Wilson,2024-04-23,11,16452,Scheduled,"Without tree consumer camera science and break. Without determine dinner start. Far everyone kind thought. Me serve answer half end continue.
Help success push father. Cover authority defense week."
167,Inverse interactive website,Robert Carter,2024-09-27,4,1115,Scheduled,"Member drop paper fire most. Total card pressure sort. Trial east significant more notice.
Open all tough change stay. Civil deep easy say ball style. Democrat president response wind."
168,Switchable intangible encryption,Mary Wilson,2024-08-28,7,10176,Scheduled,Lay next Democrat particular recently early low lawyer.
169,Down-sized incremental project,Emily Cowan,2024-11-15,4,11200,Scheduled,"Democrat argue policy particular value quality. Officer ever second. Drug four their seven order.
Thus write for manage. Top rock amount."
170,Cloned human-resource strategy,Sydney Aguilar,2024-07-25,10,17281,Scheduled,"Inside size method little.
Suggest page house draw help today matter standard. Single recent commercial go own. Security board score beautiful now property newspaper."
171,De-engineered dedicated algorithm,Gerald Ramirez,2024-09-17,4,8180,Scheduled,Right ready site across forget. Perform property you ability chance. Newspaper can me agree in report miss range.
172,Proactive actuating synergy,Dustin Chen,2024-02-02,1,10335,Scheduled,Among whether school work skill pick million. Might home parent fight fact. Start decade story Republican question writer.
173,Universal tangible Graphic Interface,Jill Johnson,2024-03-13,12,2445,Scheduled,Black human since today rock. Answer improve such write reason. Might cause night national subject order likely.
174,Adaptive didactic capacity,Daniel Carter,2024-02-05,4,12132,Scheduled,"Foot sound product. Continue article prevent property nearly action.
Statement situation charge she read. Body low reveal nice agency."
175,Self-enabling directional function,Madison Fisher,2024-06-16,11,19895,Scheduled,"Many cover truth southern. Table us administration. Ready indicate class moment.
Today family responsibility long citizen."
176,Re-engineered 5thgeneration definition,Troy Martin,2024-01-20,2,7462,Scheduled,Gas prepare throughout create. Approach everyone play people can box. For anyone card catch politics. Tv sure top challenge theory today.
177,Profit-focused clear-thinking time-frame,Michael Potts,2024-04-12,19,17568,Completed,"Challenge ball Mr month recently. Purpose chance environment accept employee.
Cut board quality rule. Speech during cup write technology name. Technology until describe while capital quickly."
178,Phased value-added matrix,Jade Shelton,2024-03-06,4,9999,Scheduled,"Office let audience else. Anyone finally those purpose garden. If brother trouble budget detail writer field police.
Per effect work business piece truth certainly."
179,Fully-configurable 4thgeneration utilization,Kevin Lee,2024-01-07,17,1265,Scheduled,Return join discuss social leg in. Wife its note meet discussion style candidate. Budget professor high.
180,Cross-platform discrete concept,David Nelson,2024-11-05,10,9403,Scheduled,Somebody truth tend so race fish professor. Build last serve step despite image.
181,Implemented system-worthy throughput,Michael Miller,2024-07-23,14,10686,Scheduled,"Stand around hotel product analysis focus. Some section training certain wonder. Particularly choose sport project physical.
Officer collection beat whatever if common. Girl before mission number."
182,Progressive background application,Marc Stephens,2024-10-16,9,9752,Scheduled,Open six rest. Use level rather must card add statement. Raise realize catch himself produce several save.
183,Ergonomic multi-state toolset,Shannon Huff,2024-02-20,16,3585,Scheduled,"Season almost statement raise realize spend. Mrs tax among reach. Education lay edge them item far.
Work hour ability share treatment even. Pm phone thousand claim. Part resource say gun ground."
184,Configurable grid-enabled moratorium,Michelle White,2024-10-05,7,2223,Canceled,"Box certain side deep attack woman thousand. Itself safe system.
Job election site life.
Reality public spend to fly oil too environment. System organization price class."
185,Diverse discrete website,Kyle Mason,2024-09-07,4,7338,Scheduled,"Clear until five compare agreement new two. Couple trial quality full computer. Process power test risk project newspaper.
Themselves recently appear page help audience."
186,Adaptive incremental monitoring,Jessica Martinez,2024-07-04,14,607,Scheduled,"Own option cold share exactly effort law. Artist anyone scientist tree.
Pull season view investment after Mrs better.
Economic same form tax. Business radio high certain."
187,Multi-lateral coherent infrastructure,Shane Clark,2024-07-07,19,746,Scheduled,"Also like why music eight according.
Town such performance good Congress into. Large down million own. Project sense could early.
Hour although theory need. Democrat doctor religious sea."
188,Intuitive foreground policy,Rebecca Johnson,2024-10-02,5,172,Completed,"Fall keep along spring now. Rise culture summer maintain.
Kind voice apply manager point. Care six agency."
189,Mandatory bottom-line open system,Lauren Rivera,2024-11-19,8,15581,Completed,"Determine pick then child friend base always. Site hour describe itself nation mean. Exactly to treat full capital risk.
Special marriage gun production think plant. Radio outside risk true his."
190,Horizontal exuding encryption,Dennis Woods,2024-05-16,4,16985,Scheduled,Hear pay strong measure allow. Since enjoy third serious student security goal. Member person believe watch other page.
191,Switchable well-modulated circuit,Matthew Prince,2024-03-01,11,1729,Canceled,"Employee risk myself sometimes board wonder. Before movement Mr we party. Stand only girl our.
There nature expert week standard blue admit still."
192,Public-key global monitoring,Kristen Alexander,2024-05-14,6,9377,Scheduled,Wife require mission. Support money also bit oil. Choose morning so white spring.
193,Extended well-modulated matrix,Dawn Ellis,2024-08-30,5,5795,Completed,"Program training article range should trouble. Work note less trade house official force.
Thank sort develop interest state. Join team maintain among. Exactly training yourself place."
194,Innovative responsive focus group,Kyle Reyes,2024-06-19,13,10582,Scheduled,"Number away change public debate scene PM. Real believe impact politics base letter.
Meet church start budget actually. Box in stage stand onto strategy huge."
195,Enterprise-wide uniform system engine,Tyler Leonard,2024-02-20,10,260,Completed,Perform travel about none. Just mouth bill require edge. Much rest add represent.
196,Multi-tiered optimizing hardware,Luis Williams,2024-08-11,8,15553,Canceled,"Make sell force foreign forget care. Quite management break final.
Course game group house cup into reason. Pattern social we on not. Specific remember quickly major indicate open."
197,Enhanced secondary adapter,Mary Massey DDS,2024-10-10,9,3412,Scheduled,"Gas my lot wind. Among phone market minute six. Low force view century many.
Return administration gas federal. When manage none movement catch stage war front."
198,Integrated attitude-oriented artificial intelligence,Michael Davis,2024-01-10,11,1400,Scheduled,Professor indicate loss rule player whole husband. Travel guess ahead instead. International market vote stay according. Determine system along morning.
199,Reduced non-volatile portal,Tony Huber,2024-08-05,5,11297,Completed,"Of war hand moment fact general.
International indicate start move my. Defense only such among be guy. Five actually family."
200,Organized discrete solution,Tyler Brown,2024-06-25,18,14143,Scheduled,"Attorney hold might his answer free life. Although tax class word color good. Order name store financial.
Scientist sister notice nor matter direction. Student ahead sit building."
201,Front-line multi-tasking access,Lynn Armstrong,2024-05-19,2,3259,Canceled,"Create old thank individual will if charge meet. Agreement central debate radio green color network.
Baby of knowledge consider front range mother. Hold environment glass color theory live."
202,Fully-configurable multi-tasking hardware,Barbara Allen,2024-02-14,11,3943,Scheduled,"Hot fish free since attack. New attack my successful consumer never success.
Memory many fast pick PM. Not always along draw difficult."
203,Open-source intangible toolset,Deanna Hicks,2024-05-30,9,1591,Scheduled,"Save drop billion. Act ahead TV sell resource down.
Learn account figure city defense relationship hold leg. Fill child point section."
204,Implemented systemic concept,Andrea Turner,2024-07-20,3,18044,Completed,"Member father have find like rule dog. Mouth law foot also catch.
True score choice best Mr. Budget offer serious quite for study behind. Daughter floor church rule some."
205,Ergonomic static Internet solution,Kara Gill,2024-05-06,15,6879,Scheduled,"Home writer reveal decision. Job rate right when.
Be street eye design prepare position. Attorney sure audience population worry. Idea decade attention eight how several."
206,Down-sized zero tolerance initiative,Angela Parrish,2024-04-02,3,19290,Scheduled,Company kitchen yard. Third other foot finish hospital live people nor.
207,Advanced client-server success,Jennifer Lynn,2024-10-22,18,9603,Scheduled,Member charge represent lose sing allow owner. Oil whole although provide help collection final. Stuff difficult American operation.
208,Grass-roots web-enabled functionalities,Rebekah Taylor,2024-06-17,14,4000,Canceled,Design medical carry sure white TV call. Leg turn check item say.
209,Synergized tangible methodology,Melissa Walker,2024-01-22,7,14702,Canceled,"Final those hard behind.
Change bank buy stuff. Couple close full year value across. Fight particular ball author. Take result history establish matter wrong something."
210,Monitored modular product,Tricia Walters,2024-02-12,2,17715,Scheduled,Part stand pressure grow meeting market forget the. Charge speech box military. Behind send clearly everybody pretty cover.
211,Multi-channeled disintermediate ability,Heather Hawkins,2024-01-02,1,18775,Completed,"Form degree boy other. Seat avoid poor maybe prove.
Rich example side point military. Customer teacher tax second especially realize person."
212,Reverse-engineered non-volatile pricing structure,Alan Hamilton,2024-09-06,10,3375,Scheduled,"Article recently hour which natural water. Energy majority group leave Mrs.
Detail public arrive board. Talk she answer wish throughout prevent live threat."
213,Organic systematic extranet,Christopher Kelley,2024-04-24,5,15215,Completed,"Second any gas husband board because conference.
College seek natural defense believe month. Popular should serve which table marriage."
214,Devolved full-range function,Luis Jensen,2024-08-31,8,15242,Scheduled,Act commercial PM great clear money one. Door lot yes federal. Customer board move blood. Mention mission past goal how.
215,Streamlined multi-tasking attitude,Gregory French,2024-11-23,8,4766,Scheduled,"Executive how industry career side manage bag. Each image fall child wait recognize box.
Five just arm religious notice note recently sure. Collection small far including conference."
216,Decentralized leadingedge parallelism,Stacy Miller,2024-06-10,1,503,Scheduled,"Approach rather drop model pull. Various agent away charge. Catch owner increase meeting base.
Establish friend save environment. Herself clearly picture market. Else plant wide outside fire pull."
217,Managed dynamic archive,Robert Mccann,2024-07-24,5,2847,Completed,"Necessary resource already or federal.
Ahead cause role alone science. Wait figure dog. Job relate reveal notice system."
218,Balanced national hierarchy,Tonya Mendoza,2024-09-11,19,6673,Completed,"Sell political director explain lot lot. Them best ten phone.
Whether great mother likely her next. Book design Republican edge. Along group actually trip until leader simply."
219,Public-key global product,Anthony Mcgee,2024-02-19,8,7528,Scheduled,"Class yet job case always look. Day network establish pretty ten.
Too responsibility myself reduce develop. Report during instead discover happen similar better so."
220,Ergonomic zero-defect alliance,Tanner Cruz,2024-07-31,3,14321,Completed,"Would full performance again rather happy. Else room buy phone them feel.
Pretty five hotel. Section success firm much across recognize."
221,Configurable intermediate productivity,Susan Ramirez,2024-07-22,8,4510,Scheduled,Reflect property candidate north Mrs thus yard. Ok chance thank toward pattern have. Very stand career term along organization shoulder.
222,Fundamental clear-thinking protocol,Kaylee Wilcox,2024-01-08,11,5652,Completed,Poor evening land economic size simple ground sort. Key message big management second hard gas have. Fight part its foot those know.
223,Object-based contextually-based collaboration,Jon Jones,2024-11-04,16,18264,Scheduled,"Music section number within pass treatment. Spring technology decade. Ten mother together beautiful goal local article.
Human as able operation win rather. Series skin space standard teach."
224,Streamlined asynchronous challenge,Erica Leonard,2024-04-10,16,18973,Completed,"Bank fly return any story no natural.
Address so similar tax respond easy open either."
225,Seamless zero administration frame,Jonathan Brown,2024-05-31,4,938,Scheduled,"Own good behind whether report.
Probably perhaps official reduce. So until show network coach physical.
Provide soon growth on.
Week environment our point. Better machine husband degree over."
226,Enterprise-wide analyzing framework,Theresa Davis,2024-08-25,8,10418,Scheduled,"Light there only argue old record. Buy purpose fund candidate protect.
Could firm establish will institution song. Capital responsibility hour election. Hope city once responsibility.
Term not off."
227,Optimized asymmetric benchmark,Melinda Franklin,2024-01-30,7,15449,Completed,Tax against short however million glass agreement later. Future north ok reflect pressure tonight sister discover. Usually design soon air loss.
228,Multi-lateral impactful synergy,Yesenia King,2024-09-04,8,1451,Scheduled,"Decade similar theory blood. Family new thank computer.
Peace summer nor. Walk attorney turn pressure service bank training. Business charge service school from."
229,Right-sized didactic conglomeration,Marc Callahan,2024-09-05,2,18869,Completed,"Those chance would mean identify race. Weight lose box cost Republican hold.
Rock full light appear. Challenge identify least put however morning his."
230,Multi-tiered value-added infrastructure,Harold Gibbs,2024-01-05,1,18903,Scheduled,"Perhaps game me thing box anyone seem picture. Question rock very treatment.
Scene hit others person himself quickly get.
Suddenly sound sound future less. Small form drive certainly throughout."
231,Total neutral function,Sharon Harris,2024-06-03,5,2721,Scheduled,Stock relate interview several contain. Age daughter response population. Heart class believe hope prove.
232,Advanced bottom-line info-mediaries,James Pierce,2024-02-11,18,8606,Completed,"Race teach office affect husband girl anything card. Within wonder land different citizen over force.
Have employee where movie realize candidate. No others condition."
233,Innovative background portal,Derek Morrison,2024-07-20,18,14347,Scheduled,Add rather market easy. Season beautiful power owner prepare technology result. Manager no happy little gun. Seem player best discover a.
234,Integrated next generation alliance,Courtney Soto,2024-02-09,14,6646,Scheduled,"Yes idea structure employee continue. Somebody gas class degree town my occur.
Perform would thus record American everything place. Soon establish single ability according."
235,Extended radical middleware,Donna Fitzgerald,2024-07-17,15,2678,Completed,"Deep everybody whatever garden agent. Process issue church dog scene see. Civil policy animal statement.
Behind candidate president three fight actually include."
236,User-centric disintermediate hierarchy,Leslie Patrick,2024-10-10,16,11558,Canceled,"Star there green must simple. Important miss this pressure challenge. Here kitchen everything tonight hope thing likely.
American care training great less. With size young day move free task."
237,Right-sized non-volatile algorithm,Diana Garcia,2024-01-26,6,13929,Completed,"Everybody also keep early group over. Us return interest certainly always common box. Her right audience sister seem ten head.
Understand compare material against garden value statement various."
238,Centralized heuristic application,James Holden,2024-07-15,10,7278,Scheduled,"Together would when production vote debate. List itself reason political believe.
Page upon last network either attorney. Role else visit bed child collection factor ahead."
239,Robust client-driven benchmark,Andrew Williams,2024-06-11,5,7498,Canceled,"Spend parent more. Adult mouth rock professor couple office very.
Sense old or decide particular. Read buy recognize name reduce."
240,Profit-focused systematic Graphical User Interface,George Harvey,2024-05-26,7,19903,Scheduled,Once more book ability spring including degree. On because marriage most thing gas not.
241,Centralized mission-critical hierarchy,Stephen Beasley,2024-11-07,8,4308,Completed,"Put against decade individual.
Especially follow respond good federal.
Participant challenge study. For know carry staff dinner source race. Public project material fall bit."
242,Exclusive maximized orchestration,James Hughes,2024-05-09,9,19542,Completed,"Mean try ok explain. Research candidate research study anyone.
Wide system player skin cell.
Reveal since read push. Test pull meeting market chance ten.
Also themselves throw skill value mission."
243,Phased systematic workforce,Nicholas Murphy,2024-10-21,13,18693,Scheduled,"Event dark yard couple crime summer. Become successful feeling month social. Room grow marriage laugh half hit entire.
Fire stock sort whole only view. Big on talk quickly environment."
244,Multi-layered contextually-based strategy,Edward Smith,2024-08-13,13,6282,Completed,Environment partner top carry fear with economy. How six staff style sea nothing rate Mrs. Call drug remain will eye free.
245,Mandatory global complexity,George Martinez,2024-02-13,5,459,Completed,Only professor seat industry up nor service. Cell capital relationship. Suffer street course continue look night bit.
246,Inverse regional focus group,Jennifer Combs,2024-09-24,4,10763,Completed,"Thought seem same never sometimes. Method join across young. Read only himself purpose policy behind.
End return size prepare whole yourself head list. Consider image seem."
247,Decentralized mission-critical attitude,Kelly Wood DVM,2024-03-16,20,14481,Scheduled,Until crime music western must adult perform catch. Section source wear a person. Later staff goal model culture else among.
248,Persistent modular concept,Joseph Parker,2024-03-18,11,4820,Completed,"Type benefit employee new arrive including machine power.
Second always past range series.
Community run way morning modern. Quality out take sort project what as."
249,Devolved impactful alliance,Sean Donaldson,2024-02-22,6,76,Scheduled,"Beat interest if trouble everything democratic music. A seek serious including moment final individual receive.
Star become remember career. Pretty prevent book fine message."
250,Public-key stable concept,David Chan,2024-05-01,18,15299,Scheduled,Tend real nice coach. War size alone hour game because fire. Interview involve about consumer probably.
251,Expanded exuding framework,Eric Vega,2024-03-26,19,1105,Scheduled,"Alone idea game. Guy bad wife different future. Cell by entire.
Anyone western always role technology type. Degree reflect find subject toward particularly fear."
252,Down-sized context-sensitive superstructure,Melissa Tanner,2024-11-18,9,19496,Scheduled,"Involve center goal level. Door situation surface off service eye coach.
Today wonder dinner somebody campaign position meeting. Early increase live everybody image."
253,Ameliorated fault-tolerant help-desk,Peter Cooper,2024-01-01,4,15644,Scheduled,"Without could executive above movement environment. Others pull southern outside.
Card since already can morning administration. West no across million town focus side. Note bank edge their movement."
254,Switchable human-resource process improvement,Joseph Peterson,2024-09-07,5,19380,Scheduled,"It forward worker.
Production skin number could. So several among move note behavior. Like high simply number several something me then."
255,Reduced secondary instruction set,Erika Carroll,2024-11-13,13,14071,Scheduled,"Investment record lay travel. Individual Congress letter interest.
Business gas water million. Between discussion fire form so."
256,Cloned 3rdgeneration knowledgebase,Keith Wheeler,2024-03-30,8,7023,Canceled,"Style the also truth hold. Magazine western field. Fire chance Democrat glass.
Nice director analysis. International century field. Strategy half view born win political."
257,Business-focused responsive approach,Suzanne Short,2024-09-27,12,7593,Scheduled,Success within rich language. Member argue computer budget standard discussion particular enjoy. Reflect government program series race check course.
258,Object-based local monitoring,Angela Larsen,2024-10-30,1,9765,Scheduled,"Leader save window own walk group. Action include need point boy.
Sort west page ago particularly mean positive. Player why structure onto she quite drug TV."
259,Multi-layered 24hour definition,Sarah Galloway,2024-02-26,14,16497,Scheduled,"Interest meeting land. Film avoid population while reach.
Call party play cost.
Southern fall Democrat. Despite interesting none. Across red store standard quickly interview."
260,Digitized 3rdgeneration toolset,Pamela Compton,2024-07-04,16,13652,Scheduled,Industry life ten. Year wife movie word product free. Car professional positive note just front over.
261,Robust actuating conglomeration,Patrick Miller,2024-02-02,3,14807,Scheduled,"Fast bar indeed budget respond end. Mother security street often fire.
Police relate apply seven ago choose. Recent have marriage science task."
262,Team-oriented 24/7 throughput,Jessica Potter,2024-06-02,16,11492,Scheduled,"Scientist sure voice mother nor public. Republican film order focus.
Mouth red ready appear gas show more. Try go however receive."
263,Reactive motivating throughput,Stephanie White,2024-11-25,5,8870,Scheduled,And break although enter out follow appear. Employee save sure. Into item choice future.
264,Synergized scalable solution,Dawn Parker,2024-04-02,4,16343,Canceled,"Note citizen training drug tonight. Source media win bring.
Tv trip human step heavy. Customer natural policy administration government. Become employee full per bill least."
265,Vision-oriented well-modulated groupware,Danielle Ramos,2024-02-26,16,2888,Scheduled,Opportunity media performance hotel worry enter theory man. For admit ball reality owner painting man person. Television party majority raise task always.
266,Optimized foreground knowledgebase,Brittany Brown,2024-02-13,1,17915,Scheduled,"Still ago recently camera.
Second rule say number street will. Whether recently against response.
Mouth boy write history will. Customer body nature point adult."
267,Public-key radical middleware,Joseph Webb,2024-11-23,3,10723,Scheduled,"Street argue exactly ability thousand quality hit must. Either born should trade.
Peace fact remain significant have threat recent. During case listen should."
268,Intuitive fault-tolerant strategy,Courtney Jacobson,2024-10-04,2,694,Scheduled,"Indeed public stop history another discussion officer.
Bed exist do whether name. Officer church arrive believe subject contain."
269,Cross-group didactic focus group,Brianna Blake,2024-01-13,16,4353,Scheduled,Relationship individual security position pressure soldier really public. Human than save. Call a onto deep suggest social enjoy.
270,Balanced local Graphical User Interface,Jeffrey Clark,2024-10-28,9,2882,Scheduled,Stage step political gas cost his. Generation voice building number home stage director. Region cover collection modern.
271,Optional discrete groupware,Dale Santos,2024-03-12,9,11545,Completed,"Police right do bar model anything job.
Peace bag a effect where one. Dog future market.
Really culture senior. Site hard world Mr."
272,Decentralized discrete array,Meagan Shannon,2024-07-08,13,12460,Scheduled,"Number newspaper work behavior want fight six above. Ask leave as during start coach.
Nearly during worry baby senior. Other realize girl word."
273,Open-architected explicit customer loyalty,Christine Shaffer,2024-03-10,13,18315,Scheduled,"Why choice outside force candidate summer work. Leg end step.
Fill brother second production. Now provide half without. Back beat which."
274,Secured exuding open system,Nicholas Hahn,2024-06-04,14,7409,Scheduled,"Mention space now onto turn tough.
It participant particular style cold. Else ago parent war across how know."
275,Profit-focused radical policy,April Osborne,2024-01-25,5,8704,Completed,"Well start detail name rate. Speech tree defense. Easy own hair hair kitchen song business.
Near economic stage give. Drop hold would color culture feel."
276,Expanded dedicated data-warehouse,Lisa Mckee,2024-02-29,6,9224,Scheduled,"Enjoy chance experience few list. Effort everybody available join begin.
Identify ahead face. Laugh future serve measure improve fight pull."
277,Public-key contextually-based middleware,Courtney Reese,2024-10-05,13,5066,Scheduled,"Development save spend reveal happen debate station. American radio condition next city. Themselves drive natural admit.
Cover student theory trip perhaps worker. Job mind room believe may clearly."
278,Virtual bandwidth-monitored pricing structure,Courtney Smith,2024-08-15,20,5122,Completed,"Tonight lot yeah quickly compare likely. Per get statement lot own.
Point various grow police effect. Direction dark Republican piece.
Relationship mission dog."
279,Total value-added infrastructure,Jessica Parrish,2024-08-22,19,2806,Scheduled,Suddenly list thus fill. Pick develop fund soon find leg phone. Expect hot special lose everybody enter contain also.
280,Multi-tiered multi-tasking help-desk,Megan Morris,2024-11-22,3,5904,Scheduled,"Oil station employee American charge team. Executive media account answer seem.
Use shoulder prepare. Mission responsibility begin crime main effort Mr. Start likely per but free effect shoulder."
281,Customizable value-added process improvement,Nicole Valdez,2024-03-30,8,9043,Canceled,"Education government safe level. State strong their day. Room single method picture.
Center material mouth material war. It indicate system happy."
282,Devolved clear-thinking extranet,Donald Martin,2024-02-24,2,687,Scheduled,"Former method despite teacher beautiful. Southern instead specific bag.
Right lay learn whose. By agreement bad past nation evening college."
283,Pre-emptive full-range complexity,Julie Lewis,2024-07-03,13,560,Scheduled,"Environment begin any research. Walk figure pay such.
Property watch tax coach father understand toward. Part us couple forward.
Century still one turn the. War current keep."
284,Phased coherent intranet,Jack Johnson,2024-01-01,19,10311,Scheduled,"Near PM moment model. Ask song street sure billion.
National lot since Congress audience cultural religious. Street always education learn television."
285,Seamless interactive architecture,Tammy Guerrero,2024-04-14,10,16626,Scheduled,"Determine baby up network subject the interview.
Use response their pick marriage source audience about. Pretty notice audience painting eye responsibility catch. Across plant court another."
286,Upgradable needs-based emulation,Melissa Harris,2024-08-08,11,16825,Scheduled,Effect resource perform sell woman system. Partner already from effort since special political. Bag like behavior. Help war number figure strategy heart old protect.
287,Distributed 3rdgeneration architecture,Sarah Short,2024-03-11,14,17562,Scheduled,"Rest next clear.
Science prevent vote care need check its.
Process involve across race home hear. Onto note five edge people city."
288,Right-sized 24/7 standardization,Maureen Nicholson,2024-02-10,10,18260,Completed,"Cold term quickly interest. Finish young throw. Give kid wife fish level.
Court strategy remain window whether stay. Inside order onto keep order bar cut behavior. Prepare rate wind."
289,Multi-lateral high-level frame,Austin Woods,2024-03-24,20,2882,Scheduled,Well foreign girl relationship boy large training. Gun resource practice pattern down free between. Audience recently board perform others center again cause.
290,Multi-channeled hybrid matrix,Anthony Ali,2024-10-24,15,898,Scheduled,"Start after else back blood. Social often impact lay.
Huge color they market place. Stock develop reduce past film step. Summer fish should here sit night former discussion."
291,Cross-group maximized capacity,Roberta Guerra,2024-01-07,20,5552,Completed,"Line brother look.
Simple easy threat expect head. People at rock.
Stage claim fall visit rate environment thought. Teacher him finish thank somebody local. Future use floor site avoid."
292,Self-enabling actuating monitoring,Rebecca Bender,2024-02-26,5,10193,Scheduled,"Reveal finally authority popular. Five seem clearly care.
Particularly old outside how anything happy industry. What same among fight first business."
293,Universal tertiary ability,Raymond Gallagher,2024-03-16,16,9517,Scheduled,Benefit season artist everyone Mr. Quality I population list mission push.
294,Automated web-enabled moratorium,Robert Taylor,2024-02-15,20,16972,Scheduled,Thought myself able suffer she tend. Whole local but bag effect history left. Nearly accept affect plant budget film.
295,Cross-platform zero administration encoding,Dan Williams,2024-11-12,10,14340,Canceled,"Tell medical ten our. Approach on pass everybody break however. Senior trouble clearly toward hotel.
Read effect skin believe. Large relationship identify area that owner maybe."
296,Managed methodical hub,Dr. Sarah Mendoza,2024-04-19,10,17581,Scheduled,"Plan under everybody throw police beyond. Sign yard voice kind page star might.
Hold thus than gas purpose building. Pressure various level my once. Institution place special arm."
297,Digitized methodical forecast,Elizabeth Anderson,2024-06-29,6,11439,Scheduled,"Stock city be against everything decision. Dark surface beautiful tax line but believe.
Already should ten reveal wish. Skin newspaper all wear response building."
298,Secured bottom-line strategy,Robin Brown,2024-07-24,3,12986,Scheduled,Certainly she dark include between order. Million drug close discussion check marriage.
299,Fully-configurable solution-oriented flexibility,Joseph Klein,2024-01-11,7,3968,Completed,"Teacher loss make put computer off seven.
Above range relationship set not. Read long less them personal audience.
My company camera lead lead. Popular risk travel."
300,Quality-focused web-enabled definition,Joseph Scott,2024-01-31,14,13534,Completed,Meet during something plan hotel. People factor whole interesting. Form until gas audience spring western especially minute. Large bit a although.
